game_id,psp_iter_0,psp_iter_1,psp_iter_2,psp_iter_3
0,50,20,0,0
0,50,20,0,0
0,50,20,0,0
0,50,20,0,0
0,50,20,0,0
0,50,20,0,0
0,50,20,0,0
0,50,20,0,0
0,50,22,0,0
0,50,20,0,0
0,50,20,0,0
0,50,20,0,0
0,50,20,0,0
0,50,20,0,0
0,50,20,0,0
0,50,20,0,0
0,50,20,0,0
0,50,20,0,0
0,50,20,0,0
0,50,20,0,0
0,50,20,0,0
0,50,20,0,0
0,50,20,0,0
0,50,20,0,0
0,50,20,0,0
0,50,20,0,0
0,50,22,0,0
0,50,20,0,0
0,50,20,0,0
0,50,20,0,0
1,50,38,0,0
1,50,38,0,0
1,50,38,0,0
1,50,38,0,0
1,50,38,0,0
1,50,38,0,0
1,50,38,0,0
1,50,38,0,0
1,50,38,0,0
1,50,38,0,0
1,50,38,0,0
1,50,38,0,0
1,50,38,0,0
1,50,38,0,0
1,50,38,0,0
1,50,38,0,0
1,50,38,0,0
1,50,38,0,0
1,50,38,0,0
1,50,38,0,0
1,50,38,0,0
1,50,44,0,0
1,50,38,0,0
1,50,38,0,0
1,50,44,0,0
1,50,38,0,0
1,50,38,0,0
1,50,38,0,0
1,50,38,0,0
1,50,38,0,0
2,50,22,0,0
2,50,20,0,0
2,50,20,0,0
2,50,20,0,0
2,50,20,0,0
2,50,20,0,0
2,50,22,0,0
2,50,20,0,0
2,50,22,0,0
2,50,20,0,0
2,50,28,0,0
2,50,20,0,0
2,50,20,0,0
2,50,20,0,0
2,50,20,0,0
2,50,20,0,0
2,50,20,0,0
2,50,22,0,0
2,50,20,0,0
2,50,20,0,0
2,50,20,0,0
2,50,24,0,0
2,50,20,0,0
2,50,20,0,0
2,50,20,0,0
2,50,20,0,0
2,50,20,0,0
2,50,20,0,0
2,50,20,0,0
2,50,20,0,0
3,50,32,0,0
3,50,32,0,0
3,50,32,0,0
3,50,32,0,0
3,50,32,0,0
3,50,32,0,0
3,50,32,0,0
3,50,32,0,0
3,50,32,0,0
3,50,32,0,0
3,50,32,0,0
3,50,32,0,0
3,50,32,0,0
3,50,34,0,0
3,50,32,0,0
3,50,32,0,0
3,50,32,0,0
3,50,32,0,0
3,50,32,0,0
3,50,32,0,0
3,50,32,0,0
3,50,34,0,0
3,50,32,0,0
3,50,32,0,0
3,50,32,0,0
3,50,32,0,0
3,50,32,0,0
3,50,32,0,0
3,50,32,0,0
3,50,32,0,0
4,50,12,0,0
4,50,12,0,0
4,50,12,0,0
4,50,12,0,0
4,50,12,0,0
4,50,12,0,0
4,50,12,0,0
4,50,12,0,0
4,50,12,0,0
4,50,12,0,0
4,50,12,0,0
4,50,12,0,0
4,50,12,0,0
4,50,12,0,0
4,50,12,0,0
4,50,12,0,0
4,50,12,0,0
4,50,12,0,0
4,50,12,0,0
4,50,12,0,0
4,50,12,0,0
4,50,12,0,0
4,50,12,0,0
4,50,12,0,0
4,50,12,0,0
4,50,12,0,0
4,50,12,0,0
4,50,12,0,0
4,50,12,0,0
4,50,12,0,0
5,50,0,0,0
5,50,0,0,0
5,50,0,0,0
5,50,0,0,0
5,50,0,0,0
5,50,0,0,0
5,50,0,0,0
5,50,0,0,0
5,50,0,0,0
5,50,0,0,0
5,50,0,0,0
5,50,0,0,0
5,50,0,0,0
5,50,0,0,0
5,50,0,0,0
5,50,0,0,0
5,50,0,0,0
5,50,0,0,0
5,50,0,0,0
5,50,0,0,0
5,50,0,0,0
5,50,0,0,0
5,50,0,0,0
5,50,0,0,0
5,50,0,0,0
5,50,0,0,0
5,50,0,0,0
5,50,0,0,0
5,50,0,0,0
5,50,0,0,0
6,50,50,0,0
6,50,50,0,0
6,50,50,0,0
6,50,50,0,0
6,50,50,0,0
6,50,50,0,0
6,50,50,0,0
6,50,50,0,0
6,50,50,0,0
6,50,50,0,0
6,50,50,0,0
6,50,50,0,0
6,50,50,0,0
6,50,50,0,0
6,50,50,0,0
6,50,50,0,0
6,50,50,0,0
6,50,50,0,0
6,50,50,0,0
6,50,50,0,0
6,50,50,0,0
6,50,50,0,0
6,50,50,0,0
6,50,50,0,0
6,50,50,0,0
6,50,50,0,0
6,50,50,0,0
6,50,50,0,0
6,50,50,0,0
6,50,50,0,0
7,50,20,0,0
7,50,20,0,0
7,50,20,0,0
7,50,20,0,0
7,50,20,0,0
7,50,20,0,0
7,50,20,0,0
7,50,20,0,0
7,50,20,0,0
7,50,20,0,0
7,50,20,0,0
7,50,20,0,0
7,50,20,0,0
7,50,20,0,0
7,50,20,0,0
7,50,22,0,0
7,50,20,0,0
7,50,20,0,0
7,50,20,0,0
7,50,20,0,0
7,50,20,0,0
7,50,20,0,0
7,50,20,0,0
7,50,20,0,0
7,50,20,0,0
7,50,20,0,0
7,50,20,0,0
7,50,20,0,0
7,50,20,0,0
7,50,20,0,0
8,50,26,0,0
8,50,26,0,0
8,50,26,0,0
8,50,26,0,0
8,50,26,0,0
8,50,26,0,0
8,50,26,0,0
8,50,26,0,0
8,50,26,0,0
8,50,26,0,0
8,50,26,0,0
8,50,26,0,0
8,50,26,0,0
8,50,28,0,0
8,50,26,0,0
8,50,26,0,0
8,50,26,0,0
8,50,26,0,0
8,50,26,0,0
8,50,26,0,0
8,50,26,0,0
8,50,26,0,0
8,50,26,0,0
8,50,26,0,0
8,50,26,0,0
8,50,26,0,0
8,50,26,0,0
8,50,26,0,0
8,50,26,0,0
8,50,26,0,0
9,50,20,0,0
9,50,20,0,0
9,50,24,0,0
9,50,20,0,0
9,50,20,0,0
9,50,20,0,0
9,50,20,0,0
9,50,20,0,0
9,50,20,0,0
9,50,20,0,0
9,50,20,0,0
9,50,20,0,0
9,50,20,0,0
9,50,20,0,0
9,50,20,0,0
9,50,20,0,0
9,50,20,0,0
9,50,20,0,0
9,50,20,0,0
9,50,20,0,0
9,50,20,0,0
9,50,20,0,0
9,50,20,0,0
9,50,24,0,0
9,50,20,0,0
9,50,22,0,0
9,50,20,0,0
9,50,20,0,0
9,50,20,0,0
9,50,20,0,0
10,50,20,0,0
10,50,20,0,0
10,50,20,0,0
10,50,20,0,0
10,50,22,0,0
10,50,20,0,0
10,50,20,0,0
10,50,20,0,0
10,50,20,0,0
10,50,20,0,0
10,50,20,0,0
10,50,20,0,0
10,50,20,0,0
10,50,20,0,0
10,50,22,0,0
10,50,20,0,0
10,50,20,0,0
10,50,20,0,0
10,50,20,0,0
10,50,20,0,0
10,50,20,0,0
10,50,22,0,0
10,50,24,0,0
10,50,20,0,0
10,50,24,0,0
10,50,20,0,0
10,50,20,0,0
10,50,20,0,0
10,50,20,0,0
10,50,20,0,0
11,50,26,0,0
11,50,26,0,0
11,50,26,0,0
11,50,26,0,0
11,50,26,0,0
11,50,24,0,0
11,50,22,0,0
11,50,26,0,0
11,50,26,0,0
11,50,26,0,0
11,50,22,0,0
11,50,24,0,0
11,50,22,0,0
11,50,24,0,0
11,50,24,0,0
11,50,24,0,0
11,50,22,0,0
11,50,26,0,0
11,50,22,0,0
11,50,26,0,0
11,50,22,0,0
11,50,24,0,0
11,50,22,0,0
11,50,22,0,0
11,50,22,0,0
11,50,24,0,0
11,50,24,0,0
11,50,26,0,0
11,50,22,0,0
11,50,22,0,0
12,50,20,0,0
12,50,20,0,0
12,50,22,0,0
12,50,20,0,0
12,50,20,0,0
12,50,20,0,0
12,50,20,0,0
12,50,20,0,0
12,50,20,0,0
12,50,20,0,0
12,50,20,0,0
12,50,20,0,0
12,50,20,0,0
12,50,20,0,0
12,50,20,0,0
12,50,20,0,0
12,50,20,0,0
12,50,20,0,0
12,50,20,0,0
12,50,20,0,0
12,50,22,0,0
12,50,20,0,0
12,50,26,0,0
12,50,20,0,0
12,50,20,0,0
12,50,20,0,0
12,50,20,0,0
12,50,20,0,0
12,50,20,0,0
12,50,20,0,0
13,50,50,0,0
13,50,50,0,0
13,50,50,0,0
13,50,50,0,0
13,50,50,0,0
13,50,50,0,0
13,50,50,0,0
13,50,50,0,0
13,50,50,0,0
13,50,50,0,0
13,50,50,0,0
13,50,50,0,0
13,50,50,0,0
13,50,50,0,0
13,50,50,0,0
13,50,50,0,0
13,50,50,0,0
13,50,50,0,0
13,50,50,0,0
13,50,50,0,0
13,50,50,0,0
13,50,50,0,0
13,50,50,0,0
13,50,50,0,0
13,50,50,0,0
13,50,50,0,0
13,50,50,0,0
13,50,50,0,0
13,50,50,0,0
13,50,50,0,0
14,50,20,0,0
14,50,20,0,0
14,50,20,0,0
14,50,20,0,0
14,50,20,0,0
14,50,20,0,0
14,50,20,0,0
14,50,20,0,0
14,50,20,0,0
14,50,20,0,0
14,50,20,0,0
14,50,20,0,0
14,50,20,0,0
14,50,20,0,0
14,50,20,0,0
14,50,20,0,0
14,50,20,0,0
14,50,20,0,0
14,50,20,0,0
14,50,20,0,0
14,50,20,0,0
14,50,20,0,0
14,50,20,0,0
14,50,20,0,0
14,50,20,0,0
14,50,20,0,0
14,50,20,0,0
14,50,20,0,0
14,50,20,0,0
14,50,20,0,0
15,50,20,0,0
15,50,20,0,0
15,50,20,0,0
15,50,20,0,0
15,50,20,0,0
15,50,20,0,0
15,50,20,0,0
15,50,20,0,0
15,50,20,0,0
15,50,20,0,0
15,50,20,0,0
15,50,20,0,0
15,50,20,0,0
15,50,20,0,0
15,50,20,0,0
15,50,20,0,0
15,50,20,0,0
15,50,20,0,0
15,50,20,0,0
15,50,20,0,0
15,50,20,0,0
15,50,20,0,0
15,50,20,0,0
15,50,20,0,0
15,50,20,0,0
15,50,20,0,0
15,50,20,0,0
15,50,20,0,0
15,50,20,0,0
15,50,22,0,0
16,50,44,0,0
16,50,44,0,0
16,50,46,0,0
16,50,44,0,0
16,50,44,0,0
16,50,46,0,0
16,50,48,0,0
16,50,48,0,0
16,50,48,0,0
16,50,48,0,0
16,50,44,0,0
16,50,48,0,0
16,50,48,0,0
16,50,48,0,0
16,50,44,0,0
16,50,48,0,0
16,50,46,0,0
16,50,46,0,0
16,50,46,0,0
16,50,46,0,0
16,50,44,0,0
16,50,46,0,0
16,50,48,0,0
16,50,46,0,0
16,50,48,0,0
16,50,46,0,0
16,50,44,0,0
16,50,46,0,0
16,50,44,0,0
16,50,48,0,0
17,50,26,0,0
17,50,26,0,0
17,50,26,0,0
17,50,26,0,0
17,50,26,0,0
17,50,26,0,0
17,50,26,0,0
17,50,26,0,0
17,50,26,0,0
17,50,26,0,0
17,50,26,0,0
17,50,26,0,0
17,50,26,0,0
17,50,26,0,0
17,50,26,0,0
17,50,26,0,0
17,50,26,0,0
17,50,26,0,0
17,50,26,0,0
17,50,26,0,0
17,50,26,0,0
17,50,26,0,0
17,50,26,0,0
17,50,26,0,0
17,50,26,0,0
17,50,26,0,0
17,50,26,0,0
17,50,26,0,0
17,50,26,0,0
17,50,26,0,0
18,50,20,0,0
18,50,20,0,0
18,50,20,0,0
18,50,20,0,0
18,50,20,0,0
18,50,20,0,0
18,50,20,0,0
18,50,20,0,0
18,50,20,0,0
18,50,20,0,0
18,50,20,0,0
18,50,20,0,0
18,50,20,0,0
18,50,20,0,0
18,50,20,0,0
18,50,20,0,0
18,50,22,0,0
18,50,20,0,0
18,50,20,0,0
18,50,20,0,0
18,50,22,0,0
18,50,20,0,0
18,50,20,0,0
18,50,20,0,0
18,50,20,0,0
18,50,20,0,0
18,50,20,0,0
18,50,20,0,0
18,50,20,0,0
18,50,20,0,0
19,50,50,0,0
19,50,50,0,0
19,50,50,0,0
19,50,50,0,0
19,50,50,0,0
19,50,50,0,0
19,50,50,0,0
19,50,50,0,0
19,50,50,0,0
19,50,50,0,0
19,50,50,0,0
19,50,50,0,0
19,50,50,0,0
19,50,50,0,0
19,50,50,0,0
19,50,50,0,0
19,50,50,0,0
19,50,50,0,0
19,50,50,0,0
19,50,50,0,0
19,50,50,0,0
19,50,50,0,0
19,50,50,0,0
19,50,50,0,0
19,50,50,0,0
19,50,50,0,0
19,50,50,0,0
19,50,50,0,0
19,50,50,0,0
19,50,50,0,0
20,50,20,0,0
20,50,20,0,0
20,50,20,0,0
20,50,20,0,0
20,50,20,0,0
20,50,20,0,0
20,50,20,0,0
20,50,20,0,0
20,50,20,0,0
20,50,20,0,0
20,50,20,0,0
20,50,20,0,0
20,50,20,0,0
20,50,20,0,0
20,50,24,0,0
20,50,20,0,0
20,50,20,0,0
20,50,20,0,0
20,50,20,0,0
20,50,20,0,0
20,50,20,0,0
20,50,20,0,0
20,50,20,0,0
20,50,22,0,0
20,50,20,0,0
20,50,20,0,0
20,50,20,0,0
20,50,20,0,0
20,50,20,0,0
20,50,20,0,0
21,50,20,0,0
21,50,20,0,0
21,50,20,0,0
21,50,20,0,0
21,50,20,0,0
21,50,20,0,0
21,50,20,0,0
21,50,20,0,0
21,50,20,0,0
21,50,20,0,0
21,50,20,0,0
21,50,20,0,0
21,50,22,0,0
21,50,20,0,0
21,50,20,0,0
21,50,20,0,0
21,50,20,0,0
21,50,20,0,0
21,50,20,0,0
21,50,20,0,0
21,50,20,0,0
21,50,20,0,0
21,50,20,0,0
21,50,20,0,0
21,50,20,0,0
21,50,20,0,0
21,50,20,0,0
21,50,20,0,0
21,50,24,0,0
21,50,20,0,0
22,50,26,0,0
22,50,26,0,0
22,50,26,0,0
22,50,28,0,0
22,50,26,0,0
22,50,26,0,0
22,50,26,0,0
22,50,26,0,0
22,50,26,0,0
22,50,26,0,0
22,50,26,0,0
22,50,26,0,0
22,50,26,0,0
22,50,34,0,0
22,50,28,0,0
22,50,26,0,0
22,50,26,0,0
22,50,26,0,0
22,50,26,0,0
22,50,34,0,0
22,50,26,0,0
22,50,26,0,0
22,50,26,0,0
22,50,26,0,0
22,50,26,0,0
22,50,26,0,0
22,50,26,0,0
22,50,26,0,0
22,50,26,0,0
22,50,26,0,0
23,50,20,0,0
23,50,20,0,0
23,50,20,0,0
23,50,20,0,0
23,50,20,0,0
23,50,20,0,0
23,50,20,0,0
23,50,20,0,0
23,50,20,0,0
23,50,20,0,0
23,50,20,0,0
23,50,20,0,0
23,50,20,0,0
23,50,20,0,0
23,50,20,0,0
23,50,20,0,0
23,50,20,0,0
23,50,20,0,0
23,50,20,0,0
23,50,20,0,0
23,50,20,0,0
23,50,20,0,0
23,50,20,0,0
23,50,20,0,0
23,50,20,0,0
23,50,20,0,0
23,50,20,0,0
23,50,20,0,0
23,50,20,0,0
23,50,26,0,0
24,50,26,0,0
24,50,26,0,0
24,50,26,0,0
24,50,26,0,0
24,50,38,0,0
24,50,26,0,0
24,50,26,0,0
24,50,26,0,0
24,50,26,0,0
24,50,26,0,0
24,50,26,0,0
24,50,26,0,0
24,50,26,0,0
24,50,26,0,0
24,50,26,0,0
24,50,26,0,0
24,50,38,0,0
24,50,26,0,0
24,50,26,0,0
24,50,26,0,0
24,50,26,0,0
24,50,26,0,0
24,50,26,0,0
24,50,26,0,0
24,50,26,0,0
24,50,26,0,0
24,50,26,0,0
24,50,26,0,0
24,50,38,0,0
24,50,26,0,0
25,50,50,0,0
25,50,50,0,0
25,50,50,0,0
25,50,50,0,0
25,50,50,0,0
25,50,50,0,0
25,50,50,0,0
25,50,50,0,0
25,50,50,0,0
25,50,50,0,0
25,50,50,0,0
25,50,50,0,0
25,50,50,0,0
25,50,50,0,0
25,50,50,0,0
25,50,50,0,0
25,50,50,0,0
25,50,50,0,0
25,50,50,0,0
25,50,50,0,0
25,50,50,0,0
25,50,50,0,0
25,50,50,0,0
25,50,50,0,0
25,50,50,0,0
25,50,50,0,0
25,50,50,0,0
25,50,50,0,0
25,50,50,0,0
25,50,50,0,0
26,50,26,0,0
26,50,30,0,0
26,50,26,0,0
26,50,26,0,0
26,50,26,0,0
26,50,26,0,0
26,50,26,0,0
26,50,26,0,0
26,50,26,0,0
26,50,26,0,0
26,50,26,0,0
26,50,26,0,0
26,50,26,0,0
26,50,26,0,0
26,50,26,0,0
26,50,26,0,0
26,50,26,0,0
26,50,26,0,0
26,50,26,0,0
26,50,26,0,0
26,50,26,0,0
26,50,30,0,0
26,50,26,0,0
26,50,26,0,0
26,50,26,0,0
26,50,26,0,0
26,50,26,0,0
26,50,26,0,0
26,50,26,0,0
26,50,26,0,0
27,50,24,0,0
27,50,24,0,0
27,50,24,0,0
27,50,24,0,0
27,50,24,0,0
27,50,24,0,0
27,50,24,0,0
27,50,24,0,0
27,50,24,0,0
27,50,24,0,0
27,50,24,0,0
27,50,24,0,0
27,50,24,0,0
27,50,24,0,0
27,50,24,0,0
27,50,24,0,0
27,50,24,0,0
27,50,24,0,0
27,50,24,0,0
27,50,24,0,0
27,50,24,0,0
27,50,24,0,0
27,50,24,0,0
27,50,24,0,0
27,50,24,0,0
27,50,24,0,0
27,50,24,0,0
27,50,24,0,0
27,50,24,0,0
27,50,24,0,0
28,50,50,0,0
28,50,50,0,0
28,50,50,0,0
28,50,50,0,0
28,50,50,0,0
28,50,50,0,0
28,50,50,0,0
28,50,50,0,0
28,50,50,0,0
28,50,50,0,0
28,50,50,0,0
28,50,50,0,0
28,50,50,0,0
28,50,50,0,0
28,50,50,0,0
28,50,50,0,0
28,50,50,0,0
28,50,50,0,0
28,50,50,0,0
28,50,50,0,0
28,50,50,0,0
28,50,50,0,0
28,50,50,0,0
28,50,50,0,0
28,50,50,0,0
28,50,50,0,0
28,50,50,0,0
28,50,50,0,0
28,50,50,0,0
28,50,50,0,0
29,50,20,0,0
29,50,20,0,0
29,50,20,0,0
29,50,20,0,0
29,50,20,0,0
29,50,20,0,0
29,50,20,0,0
29,50,20,0,0
29,50,20,0,0
29,50,20,0,0
29,50,20,0,0
29,50,20,0,0
29,50,20,0,0
29,50,20,0,0
29,50,20,0,0
29,50,20,0,0
29,50,20,0,0
29,50,20,0,0
29,50,20,0,0
29,50,20,0,0
29,50,20,0,0
29,50,20,0,0
29,50,20,0,0
29,50,20,0,0
29,50,20,0,0
29,50,20,0,0
29,50,20,0,0
29,50,20,0,0
29,50,20,0,0
29,50,20,0,0
30,50,20,0,0
30,50,20,0,0
30,50,20,0,0
30,50,20,0,0
30,50,20,0,0
30,50,20,0,0
30,50,20,0,0
30,50,28,0,0
30,50,20,0,0
30,50,20,0,0
30,50,20,0,0
30,50,20,0,0
30,50,20,0,0
30,50,22,0,0
30,50,20,0,0
30,50,20,0,0
30,50,20,0,0
30,50,20,0,0
30,50,20,0,0
30,50,20,0,0
30,50,20,0,0
30,50,20,0,0
30,50,20,0,0
30,50,20,0,0
30,50,20,0,0
30,50,20,0,0
30,50,20,0,0
30,50,22,0,0
30,50,22,0,0
30,50,20,0,0
31,50,50,0,0
31,50,50,0,0
31,50,50,0,0
31,50,50,0,0
31,50,50,0,0
31,50,50,0,0
31,50,50,0,0
31,50,50,0,0
31,50,50,0,0
31,50,50,0,0
31,50,50,0,0
31,50,50,0,0
31,50,50,0,0
31,50,50,0,0
31,50,50,0,0
31,50,50,0,0
31,50,50,0,0
31,50,50,0,0
31,50,50,0,0
31,50,50,0,0
31,50,50,0,0
31,50,50,0,0
31,50,50,0,0
31,50,50,0,0
31,50,50,0,0
31,50,50,0,0
31,50,50,0,0
31,50,50,0,0
31,50,50,0,0
31,50,50,0,0
32,50,50,0,0
32,50,50,0,0
32,50,50,0,0
32,50,50,0,0
32,50,50,0,0
32,50,50,0,0
32,50,50,0,0
32,50,50,0,0
32,50,50,0,0
32,50,50,0,0
32,50,50,0,0
32,50,50,0,0
32,50,50,0,0
32,50,50,0,0
32,50,50,0,0
32,50,50,0,0
32,50,50,0,0
32,50,50,0,0
32,50,50,0,0
32,50,50,0,0
32,50,50,0,0
32,50,50,0,0
32,50,50,0,0
32,50,50,0,0
32,50,50,0,0
32,50,50,0,0
32,50,50,0,0
32,50,50,0,0
32,50,50,0,0
32,50,50,0,0
33,50,50,0,0
33,50,50,0,0
33,50,50,0,0
33,50,50,0,0
33,50,50,0,0
33,50,50,0,0
33,50,50,0,0
33,50,50,0,0
33,50,50,0,0
33,50,50,0,0
33,50,50,0,0
33,50,50,0,0
33,50,50,0,0
33,50,50,0,0
33,50,50,0,0
33,50,50,0,0
33,50,50,0,0
33,50,50,0,0
33,50,50,0,0
33,50,50,0,0
33,50,50,0,0
33,50,50,0,0
33,50,50,0,0
33,50,50,0,0
33,50,50,0,0
33,50,50,0,0
33,50,50,0,0
33,50,50,0,0
33,50,50,0,0
33,50,50,0,0
34,50,50,0,0
34,50,50,0,0
34,50,50,0,0
34,50,50,0,0
34,50,50,0,0
34,50,50,0,0
34,50,50,0,0
34,50,50,0,0
34,50,50,0,0
34,50,50,0,0
34,50,50,0,0
34,50,50,0,0
34,50,50,0,0
34,50,50,0,0
34,50,50,0,0
34,50,50,0,0
34,50,50,0,0
34,50,50,0,0
34,50,50,0,0
34,50,50,0,0
34,50,50,0,0
34,50,50,0,0
34,50,50,0,0
34,50,50,0,0
34,50,50,0,0
34,50,50,0,0
34,50,50,0,0
34,50,50,0,0
34,50,50,0,0
34,50,50,0,0
35,50,30,0,0
35,50,26,0,0
35,50,26,0,0
35,50,26,0,0
35,50,26,0,0
35,50,26,0,0
35,50,26,0,0
35,50,26,0,0
35,50,30,0,0
35,50,26,0,0
35,50,30,0,0
35,50,26,0,0
35,50,26,0,0
35,50,26,0,0
35,50,26,0,0
35,50,26,0,0
35,50,26,0,0
35,50,26,0,0
35,50,26,0,0
35,50,26,0,0
35,50,26,0,0
35,50,26,0,0
35,50,26,0,0
35,50,26,0,0
35,50,26,0,0
35,50,26,0,0
35,50,26,0,0
35,50,26,0,0
35,50,26,0,0
35,50,26,0,0
36,50,20,0,0
36,50,20,0,0
36,50,20,0,0
36,50,20,0,0
36,50,20,0,0
36,50,20,0,0
36,50,20,0,0
36,50,20,0,0
36,50,20,0,0
36,50,20,0,0
36,50,20,0,0
36,50,20,0,0
36,50,20,0,0
36,50,20,0,0
36,50,20,0,0
36,50,20,0,0
36,50,20,0,0
36,50,20,0,0
36,50,20,0,0
36,50,20,0,0
36,50,26,0,0
36,50,20,0,0
36,50,20,0,0
36,50,20,0,0
36,50,20,0,0
36,50,20,0,0
36,50,20,0,0
36,50,20,0,0
36,50,26,0,0
36,50,20,0,0
37,50,26,0,0
37,50,26,0,0
37,50,26,0,0
37,50,36,0,0
37,50,26,0,0
37,50,26,0,0
37,50,26,0,0
37,50,26,0,0
37,50,26,0,0
37,50,26,0,0
37,50,26,0,0
37,50,38,0,0
37,50,26,0,0
37,50,26,0,0
37,50,26,0,0
37,50,26,0,0
37,50,26,0,0
37,50,26,0,0
37,50,26,0,0
37,50,26,0,0
37,50,26,0,0
37,50,26,0,0
37,50,26,0,0
37,50,28,0,0
37,50,26,0,0
37,50,26,0,0
37,50,26,0,0
37,50,26,0,0
37,50,26,0,0
37,50,26,0,0
38,50,10,0,0
38,50,10,0,0
38,50,10,0,0
38,50,10,0,0
38,50,10,0,0
38,50,10,0,0
38,50,10,0,0
38,50,10,0,0
38,50,10,0,0
38,50,10,0,0
38,50,10,0,0
38,50,10,0,0
38,50,10,0,0
38,50,10,0,0
38,50,10,0,0
38,50,10,0,0
38,50,10,0,0
38,50,10,0,0
38,50,10,0,0
38,50,10,0,0
38,50,10,0,0
38,50,10,0,0
38,50,10,0,0
38,50,10,0,0
38,50,10,0,0
38,50,10,0,0
38,50,10,0,0
38,50,10,0,0
38,50,10,0,0
38,50,10,0,0
39,50,26,0,0
39,50,26,0,0
39,50,26,0,0
39,50,26,0,0
39,50,26,0,0
39,50,26,0,0
39,50,26,0,0
39,50,26,0,0
39,50,26,0,0
39,50,26,0,0
39,50,26,0,0
39,50,26,0,0
39,50,26,0,0
39,50,26,0,0
39,50,26,0,0
39,50,26,0,0
39,50,26,0,0
39,50,26,0,0
39,50,26,0,0
39,50,26,0,0
39,50,26,0,0
39,50,26,0,0
39,50,26,0,0
39,50,26,0,0
39,50,26,0,0
39,50,28,0,0
39,50,26,0,0
39,50,26,0,0
39,50,26,0,0
39,50,26,0,0
40,50,20,0,0
40,50,22,0,0
40,50,22,0,0
40,50,20,0,0
40,50,20,0,0
40,50,20,0,0
40,50,20,0,0
40,50,20,0,0
40,50,20,0,0
40,50,20,0,0
40,50,20,0,0
40,50,20,0,0
40,50,20,0,0
40,50,22,0,0
40,50,20,0,0
40,50,20,0,0
40,50,20,0,0
40,50,20,0,0
40,50,20,0,0
40,50,20,0,0
40,50,20,0,0
40,50,20,0,0
40,50,20,0,0
40,50,20,0,0
40,50,20,0,0
40,50,20,0,0
40,50,22,0,0
40,50,20,0,0
40,50,20,0,0
40,50,20,0,0
41,50,20,0,0
41,50,20,0,0
41,50,20,0,0
41,50,20,0,0
41,50,20,0,0
41,50,20,0,0
41,50,20,0,0
41,50,20,0,0
41,50,20,0,0
41,50,20,0,0
41,50,20,0,0
41,50,20,0,0
41,50,20,0,0
41,50,20,0,0
41,50,20,0,0
41,50,20,0,0
41,50,20,0,0
41,50,20,0,0
41,50,20,0,0
41,50,20,0,0
41,50,20,0,0
41,50,20,0,0
41,50,20,0,0
41,50,20,0,0
41,50,20,0,0
41,50,20,0,0
41,50,20,0,0
41,50,20,0,0
41,50,20,0,0
41,50,20,0,0
42,50,50,0,0
42,50,50,0,0
42,50,50,0,0
42,50,50,0,0
42,50,50,0,0
42,50,50,0,0
42,50,50,0,0
42,50,50,0,0
42,50,50,0,0
42,50,50,0,0
42,50,50,0,0
42,50,50,0,0
42,50,50,0,0
42,50,50,0,0
42,50,50,0,0
42,50,50,0,0
42,50,50,0,0
42,50,50,0,0
42,50,50,0,0
42,50,50,0,0
42,50,50,0,0
42,50,50,0,0
42,50,50,0,0
42,50,50,0,0
42,50,50,0,0
42,50,50,0,0
42,50,50,0,0
42,50,50,0,0
42,50,50,0,0
42,50,50,0,0
43,50,30,0,0
43,50,30,0,0
43,50,30,0,0
43,50,30,0,0
43,50,30,0,0
43,50,30,0,0
43,50,30,0,0
43,50,30,0,0
43,50,46,0,0
43,50,30,0,0
43,50,30,0,0
43,50,30,0,0
43,50,30,0,0
43,50,30,0,0
43,50,30,0,0
43,50,46,0,0
43,50,30,0,0
43,50,30,0,0
43,50,30,0,0
43,50,30,0,0
43,50,30,0,0
43,50,30,0,0
43,50,30,0,0
43,50,30,0,0
43,50,30,0,0
43,50,30,0,0
43,50,30,0,0
43,50,30,0,0
43,50,30,0,0
43,50,30,0,0
44,50,42,0,0
44,50,42,0,0
44,50,42,0,0
44,50,42,0,0
44,50,42,0,0
44,50,42,0,0
44,50,42,0,0
44,50,42,0,0
44,50,42,0,0
44,50,42,0,0
44,50,42,0,0
44,50,42,0,0
44,50,42,0,0
44,50,42,0,0
44,50,42,0,0
44,50,42,0,0
44,50,42,0,0
44,50,42,0,0
44,50,42,0,0
44,50,42,0,0
44,50,42,0,0
44,50,42,0,0
44,50,42,0,0
44,50,42,0,0
44,50,42,0,0
44,50,42,0,0
44,50,42,0,0
44,50,42,0,0
44,50,42,0,0
44,50,42,0,0
45,50,0,0,0
45,50,6,0,0
45,50,0,0,0
45,50,0,0,0
45,50,0,0,0
45,50,0,0,0
45,50,0,0,0
45,50,0,0,0
45,50,0,0,0
45,50,0,0,0
45,50,0,0,0
45,50,0,0,0
45,50,0,0,0
45,50,0,0,0
45,50,0,0,0
45,50,0,0,0
45,50,0,0,0
45,50,0,0,0
45,50,0,0,0
45,50,0,0,0
45,50,0,0,0
45,50,0,0,0
45,50,0,0,0
45,50,0,0,0
45,50,0,0,0
45,50,6,0,0
45,50,0,0,0
45,50,0,0,0
45,50,0,0,0
45,50,0,0,0
46,50,26,0,0
46,50,26,0,0
46,50,26,0,0
46,50,26,0,0
46,50,26,0,0
46,50,26,0,0
46,50,30,0,0
46,50,26,0,0
46,50,26,0,0
46,50,26,0,0
46,50,26,0,0
46,50,26,0,0
46,50,26,0,0
46,50,30,0,0
46,50,30,0,0
46,50,26,0,0
46,50,26,0,0
46,50,26,0,0
46,50,26,0,0
46,50,26,0,0
46,50,26,0,0
46,50,26,0,0
46,50,26,0,0
46,50,26,0,0
46,50,26,0,0
46,50,26,0,0
46,50,26,0,0
46,50,26,0,0
46,50,26,0,0
46,50,26,0,0
47,50,20,0,0
47,50,32,0,0
47,50,20,0,0
47,50,20,0,0
47,50,20,0,0
47,50,20,0,0
47,50,20,0,0
47,50,20,0,0
47,50,20,0,0
47,50,20,0,0
47,50,20,0,0
47,50,20,0,0
47,50,20,0,0
47,50,20,0,0
47,50,20,0,0
47,50,20,0,0
47,50,20,0,0
47,50,20,0,0
47,50,20,0,0
47,50,34,0,0
47,50,20,0,0
47,50,20,0,0
47,50,20,0,0
47,50,20,0,0
47,50,20,0,0
47,50,20,0,0
47,50,20,0,0
47,50,20,0,0
47,50,20,0,0
47,50,20,0,0
48,50,18,0,0
48,50,22,0,0
48,50,22,0,0
48,50,18,0,0
48,50,22,0,0
48,50,22,0,0
48,50,18,0,0
48,50,16,0,0
48,50,22,0,0
48,50,18,0,0
48,50,18,0,0
48,50,22,0,0
48,50,18,0,0
48,50,22,0,0
48,50,22,0,0
48,50,22,0,0
48,50,18,0,0
48,50,22,0,0
48,50,22,0,0
48,50,22,0,0
48,50,18,0,0
48,50,18,0,0
48,50,14,0,0
48,50,18,0,0
48,50,18,0,0
48,50,18,0,0
48,50,18,0,0
48,50,22,0,0
48,50,22,0,0
48,50,22,0,0
49,50,26,0,0
49,50,26,0,0
49,50,26,0,0
49,50,26,0,0
49,50,26,0,0
49,50,26,0,0
49,50,26,0,0
49,50,26,0,0
49,50,26,0,0
49,50,26,0,0
49,50,26,0,0
49,50,26,0,0
49,50,26,0,0
49,50,26,0,0
49,50,26,0,0
49,50,26,0,0
49,50,26,0,0
49,50,26,0,0
49,50,26,0,0
49,50,26,0,0
49,50,26,0,0
49,50,26,0,0
49,50,26,0,0
49,50,26,0,0
49,50,26,0,0
49,50,26,0,0
49,50,26,0,0
49,50,26,0,0
49,50,26,0,0
49,50,26,0,0
50,50,22,0,0
50,50,22,0,0
50,50,22,0,0
50,50,26,0,0
50,50,26,0,0
50,50,26,0,0
50,50,24,0,0
50,50,22,0,0
50,50,24,0,0
50,50,26,0,0
50,50,26,0,0
50,50,22,0,0
50,50,26,0,0
50,50,24,0,0
50,50,26,0,0
50,50,24,0,0
50,50,26,0,0
50,50,26,0,0
50,50,22,0,0
50,50,22,0,0
50,50,22,0,0
50,50,22,0,0
50,50,24,0,0
50,50,26,0,0
50,50,22,0,0
50,50,22,0,0
50,50,24,0,0
50,50,24,0,0
50,50,24,0,0
50,50,22,0,0
51,50,50,0,0
51,50,50,0,0
51,50,50,0,0
51,50,50,0,0
51,50,50,0,0
51,50,50,0,0
51,50,50,0,0
51,50,50,0,0
51,50,50,0,0
51,50,50,0,0
51,50,50,0,0
51,50,50,0,0
51,50,50,0,0
51,50,50,0,0
51,50,50,0,0
51,50,50,0,0
51,50,50,0,0
51,50,50,0,0
51,50,50,0,0
51,50,50,0,0
51,50,50,0,0
51,50,50,0,0
51,50,50,0,0
51,50,50,0,0
51,50,50,0,0
51,50,50,0,0
51,50,50,0,0
51,50,50,0,0
51,50,50,0,0
51,50,50,0,0
52,50,42,0,0
52,50,42,0,0
52,50,42,0,0
52,50,42,0,0
52,50,42,0,0
52,50,42,0,0
52,50,42,0,0
52,50,42,0,0
52,50,42,0,0
52,50,42,0,0
52,50,42,0,0
52,50,42,0,0
52,50,42,0,0
52,50,42,0,0
52,50,42,0,0
52,50,42,0,0
52,50,42,0,0
52,50,42,0,0
52,50,42,0,0
52,50,42,0,0
52,50,42,0,0
52,50,42,0,0
52,50,42,0,0
52,50,42,0,0
52,50,42,0,0
52,50,42,0,0
52,50,42,0,0
52,50,42,0,0
52,50,42,0,0
52,50,42,0,0
53,50,50,0,0
53,50,50,0,0
53,50,50,0,0
53,50,50,0,0
53,50,50,0,0
53,50,50,0,0
53,50,50,0,0
53,50,50,0,0
53,50,50,0,0
53,50,50,0,0
53,50,50,0,0
53,50,50,0,0
53,50,50,0,0
53,50,50,0,0
53,50,50,0,0
53,50,50,0,0
53,50,50,0,0
53,50,50,0,0
53,50,50,0,0
53,50,50,0,0
53,50,50,0,0
53,50,50,0,0
53,50,50,0,0
53,50,50,0,0
53,50,50,0,0
53,50,50,0,0
53,50,50,0,0
53,50,50,0,0
53,50,50,0,0
53,50,50,0,0
54,50,22,0,0
54,50,20,0,0
54,50,22,0,0
54,50,20,0,0
54,50,20,0,0
54,50,20,0,0
54,50,20,0,0
54,50,20,0,0
54,50,20,0,0
54,50,20,0,0
54,50,20,0,0
54,50,22,0,0
54,50,20,0,0
54,50,20,0,0
54,50,20,0,0
54,50,20,0,0
54,50,20,0,0
54,50,20,0,0
54,50,20,0,0
54,50,20,0,0
54,50,20,0,0
54,50,20,0,0
54,50,20,0,0
54,50,20,0,0
54,50,24,0,0
54,50,20,0,0
54,50,20,0,0
54,50,20,0,0
54,50,22,0,0
54,50,20,0,0
55,50,50,0,0
55,50,50,0,0
55,50,50,0,0
55,50,50,0,0
55,50,50,0,0
55,50,50,0,0
55,50,50,0,0
55,50,50,0,0
55,50,50,0,0
55,50,50,0,0
55,50,50,0,0
55,50,50,0,0
55,50,50,0,0
55,50,50,0,0
55,50,50,0,0
55,50,50,0,0
55,50,50,0,0
55,50,50,0,0
55,50,50,0,0
55,50,50,0,0
55,50,50,0,0
55,50,50,0,0
55,50,50,0,0
55,50,50,0,0
55,50,50,0,0
55,50,50,0,0
55,50,50,0,0
55,50,50,0,0
55,50,50,0,0
55,50,50,0,0
56,50,20,0,0
56,50,20,0,0
56,50,20,0,0
56,50,26,0,0
56,50,20,0,0
56,50,20,0,0
56,50,20,0,0
56,50,20,0,0
56,50,20,0,0
56,50,20,0,0
56,50,20,0,0
56,50,20,0,0
56,50,20,0,0
56,50,20,0,0
56,50,20,0,0
56,50,20,0,0
56,50,20,0,0
56,50,20,0,0
56,50,20,0,0
56,50,20,0,0
56,50,26,0,0
56,50,20,0,0
56,50,20,0,0
56,50,20,0,0
56,50,20,0,0
56,50,20,0,0
56,50,20,0,0
56,50,20,0,0
56,50,20,0,0
56,50,26,0,0
57,50,26,0,0
57,50,30,0,0
57,50,26,0,0
57,50,26,0,0
57,50,26,0,0
57,50,26,0,0
57,50,26,0,0
57,50,26,0,0
57,50,28,0,0
57,50,26,0,0
57,50,26,0,0
57,50,26,0,0
57,50,26,0,0
57,50,26,0,0
57,50,26,0,0
57,50,26,0,0
57,50,26,0,0
57,50,30,0,0
57,50,26,0,0
57,50,26,0,0
57,50,26,0,0
57,50,26,0,0
57,50,26,0,0
57,50,26,0,0
57,50,26,0,0
57,50,28,0,0
57,50,28,0,0
57,50,26,0,0
57,50,26,0,0
57,50,26,0,0
58,50,50,0,0
58,50,50,0,0
58,50,50,0,0
58,50,50,0,0
58,50,50,0,0
58,50,50,0,0
58,50,50,0,0
58,50,50,0,0
58,50,50,0,0
58,50,50,0,0
58,50,50,0,0
58,50,50,0,0
58,50,50,0,0
58,50,50,0,0
58,50,50,0,0
58,50,50,0,0
58,50,50,0,0
58,50,50,0,0
58,50,50,0,0
58,50,50,0,0
58,50,50,0,0
58,50,50,0,0
58,50,50,0,0
58,50,50,0,0
58,50,50,0,0
58,50,50,0,0
58,50,50,0,0
58,50,50,0,0
58,50,50,0,0
58,50,50,0,0
59,50,20,0,0
59,50,20,0,0
59,50,20,0,0
59,50,20,0,0
59,50,20,0,0
59,50,20,0,0
59,50,20,0,0
59,50,20,0,0
59,50,20,0,0
59,50,20,0,0
59,50,20,0,0
59,50,20,0,0
59,50,20,0,0
59,50,20,0,0
59,50,20,0,0
59,50,20,0,0
59,50,20,0,0
59,50,20,0,0
59,50,20,0,0
59,50,24,0,0
59,50,20,0,0
59,50,20,0,0
59,50,20,0,0
59,50,20,0,0
59,50,20,0,0
59,50,20,0,0
59,50,20,0,0
59,50,20,0,0
59,50,20,0,0
59,50,20,0,0
60,50,50,0,0
60,50,50,0,0
60,50,50,0,0
60,50,50,0,0
60,50,50,0,0
60,50,50,0,0
60,50,50,0,0
60,50,50,0,0
60,50,50,0,0
60,50,50,0,0
60,50,50,0,0
60,50,50,0,0
60,50,50,0,0
60,50,50,0,0
60,50,50,0,0
60,50,50,0,0
60,50,50,0,0
60,50,50,0,0
60,50,50,0,0
60,50,50,0,0
60,50,50,0,0
60,50,50,0,0
60,50,50,0,0
60,50,50,0,0
60,50,50,0,0
60,50,50,0,0
60,50,50,0,0
60,50,50,0,0
60,50,50,0,0
60,50,50,0,0
61,50,50,0,0
61,50,50,0,0
61,50,50,0,0
61,50,50,0,0
61,50,50,0,0
61,50,50,0,0
61,50,50,0,0
61,50,50,0,0
61,50,50,0,0
61,50,50,0,0
61,50,50,0,0
61,50,50,0,0
61,50,50,0,0
61,50,50,0,0
61,50,50,0,0
61,50,50,0,0
61,50,50,0,0
61,50,50,0,0
61,50,50,0,0
61,50,50,0,0
61,50,50,0,0
61,50,50,0,0
61,50,50,0,0
61,50,50,0,0
61,50,50,0,0
61,50,50,0,0
61,50,50,0,0
61,50,50,0,0
61,50,50,0,0
61,50,50,0,0
62,50,18,0,0
62,50,18,0,0
62,50,18,0,0
62,50,18,0,0
62,50,18,0,0
62,50,18,0,0
62,50,18,0,0
62,50,18,0,0
62,50,18,0,0
62,50,18,0,0
62,50,18,0,0
62,50,18,0,0
62,50,18,0,0
62,50,18,0,0
62,50,18,0,0
62,50,18,0,0
62,50,18,0,0
62,50,18,0,0
62,50,18,0,0
62,50,18,0,0
62,50,18,0,0
62,50,18,0,0
62,50,18,0,0
62,50,18,0,0
62,50,18,0,0
62,50,18,0,0
62,50,18,0,0
62,50,18,0,0
62,50,18,0,0
62,50,18,0,0
63,50,26,0,0
63,50,26,0,0
63,50,26,0,0
63,50,26,0,0
63,50,26,0,0
63,50,26,0,0
63,50,26,0,0
63,50,26,0,0
63,50,26,0,0
63,50,26,0,0
63,50,26,0,0
63,50,26,0,0
63,50,26,0,0
63,50,26,0,0
63,50,26,0,0
63,50,26,0,0
63,50,26,0,0
63,50,26,0,0
63,50,26,0,0
63,50,26,0,0
63,50,26,0,0
63,50,26,0,0
63,50,26,0,0
63,50,26,0,0
63,50,26,0,0
63,50,26,0,0
63,50,26,0,0
63,50,26,0,0
63,50,26,0,0
63,50,26,0,0
64,50,50,0,0
64,50,50,0,0
64,50,50,0,0
64,50,50,0,0
64,50,50,0,0
64,50,50,0,0
64,50,50,0,0
64,50,50,0,0
64,50,50,0,0
64,50,50,0,0
64,50,50,0,0
64,50,50,0,0
64,50,50,0,0
64,50,50,0,0
64,50,50,0,0
64,50,50,0,0
64,50,50,0,0
64,50,50,0,0
64,50,50,0,0
64,50,50,0,0
64,50,50,0,0
64,50,50,0,0
64,50,50,0,0
64,50,50,0,0
64,50,50,0,0
64,50,50,0,0
64,50,50,0,0
64,50,50,0,0
64,50,50,0,0
64,50,50,0,0
65,50,26,0,0
65,50,26,0,0
65,50,26,0,0
65,50,26,0,0
65,50,26,0,0
65,50,26,0,0
65,50,26,0,0
65,50,32,0,0
65,50,26,0,0
65,50,26,0,0
65,50,26,0,0
65,50,26,0,0
65,50,26,0,0
65,50,26,0,0
65,50,26,0,0
65,50,26,0,0
65,50,26,0,0
65,50,26,0,0
65,50,26,0,0
65,50,26,0,0
65,50,26,0,0
65,50,26,0,0
65,50,26,0,0
65,50,32,0,0
65,50,26,0,0
65,50,26,0,0
65,50,26,0,0
65,50,26,0,0
65,50,26,0,0
65,50,26,0,0
66,50,12,0,0
66,50,12,0,0
66,50,12,0,0
66,50,12,0,0
66,50,12,0,0
66,50,12,0,0
66,50,12,0,0
66,50,12,0,0
66,50,12,0,0
66,50,12,0,0
66,50,12,0,0
66,50,12,0,0
66,50,12,0,0
66,50,12,0,0
66,50,12,0,0
66,50,12,0,0
66,50,12,0,0
66,50,12,0,0
66,50,12,0,0
66,50,12,0,0
66,50,12,0,0
66,50,12,0,0
66,50,12,0,0
66,50,12,0,0
66,50,12,0,0
66,50,12,0,0
66,50,12,0,0
66,50,12,0,0
66,50,12,0,0
66,50,12,0,0
67,50,24,0,0
67,50,22,0,0
67,50,26,0,0
67,50,26,0,0
67,50,26,0,0
67,50,22,0,0
67,50,26,0,0
67,50,22,0,0
67,50,22,0,0
67,50,24,0,0
67,50,26,0,0
67,50,24,0,0
67,50,26,0,0
67,50,26,0,0
67,50,22,0,0
67,50,22,0,0
67,50,24,0,0
67,50,22,0,0
67,50,26,0,0
67,50,22,0,0
67,50,24,0,0
67,50,22,0,0
67,50,22,0,0
67,50,24,0,0
67,50,22,0,0
67,50,22,0,0
67,50,22,0,0
67,50,22,0,0
67,50,24,0,0
67,50,24,0,0
68,50,0,0,0
68,50,0,0,0
68,50,0,0,0
68,50,0,0,0
68,50,0,0,0
68,50,0,0,0
68,50,0,0,0
68,50,0,0,0
68,50,0,0,0
68,50,0,0,0
68,50,0,0,0
68,50,0,0,0
68,50,0,0,0
68,50,6,0,0
68,50,0,0,0
68,50,0,0,0
68,50,0,0,0
68,50,0,0,0
68,50,0,0,0
68,50,0,0,0
68,50,0,0,0
68,50,0,0,0
68,50,0,0,0
68,50,6,0,0
68,50,0,0,0
68,50,0,0,0
68,50,0,0,0
68,50,0,0,0
68,50,0,0,0
68,50,0,0,0
69,50,20,0,0
69,50,20,0,0
69,50,20,0,0
69,50,20,0,0
69,50,20,0,0
69,50,20,0,0
69,50,20,0,0
69,50,20,0,0
69,50,20,0,0
69,50,20,0,0
69,50,20,0,0
69,50,24,0,0
69,50,20,0,0
69,50,20,0,0
69,50,20,0,0
69,50,20,0,0
69,50,28,0,0
69,50,20,0,0
69,50,20,0,0
69,50,20,0,0
69,50,20,0,0
69,50,20,0,0
69,50,20,0,0
69,50,20,0,0
69,50,20,0,0
69,50,20,0,0
69,50,32,0,0
69,50,20,0,0
69,50,20,0,0
69,50,20,0,0
70,50,26,0,0
70,50,26,0,0
70,50,26,0,0
70,50,26,0,0
70,50,26,0,0
70,50,26,0,0
70,50,26,0,0
70,50,26,0,0
70,50,30,0,0
70,50,26,0,0
70,50,26,0,0
70,50,26,0,0
70,50,26,0,0
70,50,30,0,0
70,50,26,0,0
70,50,26,0,0
70,50,26,0,0
70,50,26,0,0
70,50,26,0,0
70,50,26,0,0
70,50,26,0,0
70,50,26,0,0
70,50,26,0,0
70,50,26,0,0
70,50,26,0,0
70,50,26,0,0
70,50,26,0,0
70,50,26,0,0
70,50,26,0,0
70,50,26,0,0
71,50,0,0,0
71,50,0,0,0
71,50,0,0,0
71,50,0,0,0
71,50,0,0,0
71,50,0,0,0
71,50,0,0,0
71,50,0,0,0
71,50,0,0,0
71,50,0,0,0
71,50,0,0,0
71,50,0,0,0
71,50,0,0,0
71,50,0,0,0
71,50,0,0,0
71,50,0,0,0
71,50,0,0,0
71,50,0,0,0
71,50,0,0,0
71,50,0,0,0
71,50,0,0,0
71,50,0,0,0
71,50,0,0,0
71,50,0,0,0
71,50,0,0,0
71,50,0,0,0
71,50,0,0,0
71,50,0,0,0
71,50,0,0,0
71,50,0,0,0
72,50,20,0,0
72,50,28,0,0
72,50,26,0,0
72,50,22,0,0
72,50,20,0,0
72,50,20,0,0
72,50,20,0,0
72,50,26,0,0
72,50,20,0,0
72,50,20,0,0
72,50,20,0,0
72,50,20,0,0
72,50,20,0,0
72,50,20,0,0
72,50,20,0,0
72,50,20,0,0
72,50,20,0,0
72,50,20,0,0
72,50,22,0,0
72,50,20,0,0
72,50,20,0,0
72,50,20,0,0
72,50,22,0,0
72,50,20,0,0
72,50,20,0,0
72,50,20,0,0
72,50,20,0,0
72,50,20,0,0
72,50,22,0,0
72,50,20,0,0
73,50,42,0,0
73,50,42,0,0
73,50,42,0,0
73,50,42,0,0
73,50,42,0,0
73,50,42,0,0
73,50,42,0,0
73,50,42,0,0
73,50,42,0,0
73,50,42,0,0
73,50,42,0,0
73,50,42,0,0
73,50,42,0,0
73,50,42,0,0
73,50,42,0,0
73,50,42,0,0
73,50,42,0,0
73,50,42,0,0
73,50,42,0,0
73,50,42,0,0
73,50,42,0,0
73,50,42,0,0
73,50,42,0,0
73,50,42,0,0
73,50,42,0,0
73,50,42,0,0
73,50,42,0,0
73,50,42,0,0
73,50,42,0,0
73,50,42,0,0
74,50,30,0,0
74,50,30,0,0
74,50,30,0,0
74,50,30,0,0
74,50,30,0,0
74,50,30,0,0
74,50,30,0,0
74,50,30,0,0
74,50,30,0,0
74,50,30,0,0
74,50,30,0,0
74,50,30,0,0
74,50,30,0,0
74,50,30,0,0
74,50,30,0,0
74,50,30,0,0
74,50,30,0,0
74,50,30,0,0
74,50,30,0,0
74,50,30,0,0
74,50,30,0,0
74,50,30,0,0
74,50,30,0,0
74,50,30,0,0
74,50,30,0,0
74,50,30,0,0
74,50,30,0,0
74,50,30,0,0
74,50,30,0,0
74,50,30,0,0
75,50,26,0,0
75,50,26,0,0
75,50,26,0,0
75,50,26,0,0
75,50,26,0,0
75,50,26,0,0
75,50,26,0,0
75,50,26,0,0
75,50,26,0,0
75,50,26,0,0
75,50,26,0,0
75,50,26,0,0
75,50,26,0,0
75,50,26,0,0
75,50,26,0,0
75,50,26,0,0
75,50,26,0,0
75,50,26,0,0
75,50,26,0,0
75,50,26,0,0
75,50,26,0,0
75,50,26,0,0
75,50,26,0,0
75,50,26,0,0
75,50,26,0,0
75,50,26,0,0
75,50,26,0,0
75,50,26,0,0
75,50,26,0,0
75,50,26,0,0
76,50,20,0,0
76,50,24,0,0
76,50,20,0,0
76,50,20,0,0
76,50,20,0,0
76,50,20,0,0
76,50,20,0,0
76,50,20,0,0
76,50,20,0,0
76,50,20,0,0
76,50,20,0,0
76,50,20,0,0
76,50,20,0,0
76,50,20,0,0
76,50,20,0,0
76,50,20,0,0
76,50,20,0,0
76,50,20,0,0
76,50,20,0,0
76,50,20,0,0
76,50,20,0,0
76,50,20,0,0
76,50,20,0,0
76,50,20,0,0
76,50,20,0,0
76,50,20,0,0
76,50,20,0,0
76,50,20,0,0
76,50,20,0,0
76,50,20,0,0
77,50,50,0,0
77,50,50,0,0
77,50,50,0,0
77,50,50,0,0
77,50,50,0,0
77,50,50,0,0
77,50,50,0,0
77,50,50,0,0
77,50,50,0,0
77,50,50,0,0
77,50,50,0,0
77,50,50,0,0
77,50,50,0,0
77,50,50,0,0
77,50,50,0,0
77,50,50,0,0
77,50,50,0,0
77,50,50,0,0
77,50,50,0,0
77,50,50,0,0
77,50,50,0,0
77,50,50,0,0
77,50,50,0,0
77,50,50,0,0
77,50,50,0,0
77,50,50,0,0
77,50,50,0,0
77,50,50,0,0
77,50,50,0,0
77,50,50,0,0
78,50,50,0,0
78,50,50,0,0
78,50,50,0,0
78,50,50,0,0
78,50,50,0,0
78,50,50,0,0
78,50,50,0,0
78,50,50,0,0
78,50,50,0,0
78,50,50,0,0
78,50,50,0,0
78,50,50,0,0
78,50,50,0,0
78,50,50,0,0
78,50,50,0,0
78,50,50,0,0
78,50,50,0,0
78,50,50,0,0
78,50,50,0,0
78,50,50,0,0
78,50,50,0,0
78,50,50,0,0
78,50,50,0,0
78,50,50,0,0
78,50,50,0,0
78,50,50,0,0
78,50,50,0,0
78,50,50,0,0
78,50,50,0,0
78,50,50,0,0
79,50,24,0,0
79,50,24,0,0
79,50,24,0,0
79,50,24,0,0
79,50,24,0,0
79,50,24,0,0
79,50,24,0,0
79,50,24,0,0
79,50,24,0,0
79,50,24,0,0
79,50,24,0,0
79,50,24,0,0
79,50,24,0,0
79,50,24,0,0
79,50,24,0,0
79,50,24,0,0
79,50,24,0,0
79,50,24,0,0
79,50,24,0,0
79,50,24,0,0
79,50,24,0,0
79,50,24,0,0
79,50,24,0,0
79,50,24,0,0
79,50,24,0,0
79,50,24,0,0
79,50,24,0,0
79,50,24,0,0
79,50,24,0,0
79,50,24,0,0
80,50,50,0,0
80,50,50,0,0
80,50,50,0,0
80,50,50,0,0
80,50,50,0,0
80,50,50,0,0
80,50,50,0,0
80,50,50,0,0
80,50,50,0,0
80,50,50,0,0
80,50,50,0,0
80,50,50,0,0
80,50,50,0,0
80,50,50,0,0
80,50,50,0,0
80,50,50,0,0
80,50,50,0,0
80,50,50,0,0
80,50,50,0,0
80,50,50,0,0
80,50,50,0,0
80,50,50,0,0
80,50,50,0,0
80,50,50,0,0
80,50,50,0,0
80,50,50,0,0
80,50,50,0,0
80,50,50,0,0
80,50,50,0,0
80,50,50,0,0
81,50,22,0,0
81,50,26,0,0
81,50,26,0,0
81,50,26,0,0
81,50,30,0,0
81,50,30,0,0
81,50,30,0,0
81,50,30,0,0
81,50,22,0,0
81,50,30,0,0
81,50,30,0,0
81,50,22,0,0
81,50,26,0,0
81,50,22,0,0
81,50,26,0,0
81,50,26,0,0
81,50,30,0,0
81,50,22,0,0
81,50,26,0,0
81,50,22,0,0
81,50,26,0,0
81,50,22,0,0
81,50,30,0,0
81,50,22,0,0
81,50,26,0,0
81,50,22,0,0
81,50,26,0,0
81,50,26,0,0
81,50,22,0,0
81,50,30,0,0
82,50,32,0,0
82,50,34,0,0
82,50,32,0,0
82,50,32,0,0
82,50,32,0,0
82,50,32,0,0
82,50,32,0,0
82,50,34,0,0
82,50,32,0,0
82,50,32,0,0
82,50,32,0,0
82,50,32,0,0
82,50,32,0,0
82,50,32,0,0
82,50,32,0,0
82,50,32,0,0
82,50,32,0,0
82,50,32,0,0
82,50,34,0,0
82,50,32,0,0
82,50,32,0,0
82,50,32,0,0
82,50,32,0,0
82,50,32,0,0
82,50,32,0,0
82,50,32,0,0
82,50,32,0,0
82,50,32,0,0
82,50,32,0,0
82,50,32,0,0
83,50,20,0,0
83,50,20,0,0
83,50,20,0,0
83,50,20,0,0
83,50,20,0,0
83,50,22,0,0
83,50,20,0,0
83,50,20,0,0
83,50,20,0,0
83,50,20,0,0
83,50,20,0,0
83,50,20,0,0
83,50,20,0,0
83,50,20,0,0
83,50,20,0,0
83,50,20,0,0
83,50,20,0,0
83,50,20,0,0
83,50,20,0,0
83,50,26,0,0
83,50,20,0,0
83,50,20,0,0
83,50,20,0,0
83,50,20,0,0
83,50,20,0,0
83,50,20,0,0
83,50,20,0,0
83,50,20,0,0
83,50,20,0,0
83,50,20,0,0
84,50,30,0,0
84,50,30,0,0
84,50,30,0,0
84,50,30,0,0
84,50,30,0,0
84,50,30,0,0
84,50,30,0,0
84,50,30,0,0
84,50,30,0,0
84,50,30,0,0
84,50,30,0,0
84,50,30,0,0
84,50,30,0,0
84,50,30,0,0
84,50,30,0,0
84,50,30,0,0
84,50,30,0,0
84,50,30,0,0
84,50,30,0,0
84,50,30,0,0
84,50,30,0,0
84,50,46,0,0
84,50,30,0,0
84,50,30,0,0
84,50,30,0,0
84,50,30,0,0
84,50,30,0,0
84,50,30,0,0
84,50,30,0,0
84,50,30,0,0
85,50,18,0,0
85,50,18,0,0
85,50,18,0,0
85,50,18,0,0
85,50,18,0,0
85,50,18,0,0
85,50,18,0,0
85,50,18,0,0
85,50,18,0,0
85,50,18,0,0
85,50,18,0,0
85,50,18,0,0
85,50,18,0,0
85,50,18,0,0
85,50,18,0,0
85,50,18,0,0
85,50,18,0,0
85,50,18,0,0
85,50,18,0,0
85,50,18,0,0
85,50,18,0,0
85,50,18,0,0
85,50,18,0,0
85,50,18,0,0
85,50,18,0,0
85,50,18,0,0
85,50,18,0,0
85,50,18,0,0
85,50,18,0,0
85,50,18,0,0
86,50,26,0,0
86,50,26,0,0
86,50,26,0,0
86,50,26,0,0
86,50,26,0,0
86,50,26,0,0
86,50,26,0,0
86,50,26,0,0
86,50,26,0,0
86,50,32,0,0
86,50,38,0,0
86,50,26,0,0
86,50,26,0,0
86,50,26,0,0
86,50,26,0,0
86,50,26,0,0
86,50,44,0,0
86,50,26,0,0
86,50,26,0,0
86,50,32,0,0
86,50,32,0,0
86,50,26,0,0
86,50,26,0,0
86,50,26,0,0
86,50,26,0,0
86,50,26,0,0
86,50,26,0,0
86,50,26,0,0
86,50,26,0,0
86,50,26,0,0
87,50,20,0,0
87,50,20,0,0
87,50,20,0,0
87,50,20,0,0
87,50,20,0,0
87,50,20,0,0
87,50,20,0,0
87,50,24,0,0
87,50,20,0,0
87,50,20,0,0
87,50,22,0,0
87,50,20,0,0
87,50,20,0,0
87,50,20,0,0
87,50,20,0,0
87,50,20,0,0
87,50,20,0,0
87,50,20,0,0
87,50,20,0,0
87,50,20,0,0
87,50,20,0,0
87,50,20,0,0
87,50,22,0,0
87,50,20,0,0
87,50,20,0,0
87,50,22,0,0
87,50,20,0,0
87,50,20,0,0
87,50,20,0,0
87,50,20,0,0
88,50,26,0,0
88,50,26,0,0
88,50,26,0,0
88,50,26,0,0
88,50,26,0,0
88,50,26,0,0
88,50,26,0,0
88,50,26,0,0
88,50,26,0,0
88,50,26,0,0
88,50,26,0,0
88,50,26,0,0
88,50,26,0,0
88,50,26,0,0
88,50,26,0,0
88,50,26,0,0
88,50,26,0,0
88,50,26,0,0
88,50,26,0,0
88,50,26,0,0
88,50,26,0,0
88,50,26,0,0
88,50,26,0,0
88,50,26,0,0
88,50,26,0,0
88,50,26,0,0
88,50,26,0,0
88,50,26,0,0
88,50,26,0,0
88,50,26,0,0
89,50,26,0,0
89,50,26,0,0
89,50,26,0,0
89,50,26,0,0
89,50,26,0,0
89,50,26,0,0
89,50,26,0,0
89,50,26,0,0
89,50,26,0,0
89,50,26,0,0
89,50,32,0,0
89,50,26,0,0
89,50,26,0,0
89,50,26,0,0
89,50,26,0,0
89,50,26,0,0
89,50,26,0,0
89,50,26,0,0
89,50,26,0,0
89,50,26,0,0
89,50,26,0,0
89,50,26,0,0
89,50,26,0,0
89,50,26,0,0
89,50,26,0,0
89,50,26,0,0
89,50,26,0,0
89,50,26,0,0
89,50,26,0,0
89,50,26,0,0
90,50,26,0,0
90,50,26,0,0
90,50,26,0,0
90,50,26,0,0
90,50,30,0,0
90,50,26,0,0
90,50,26,0,0
90,50,26,0,0
90,50,26,0,0
90,50,26,0,0
90,50,26,0,0
90,50,26,0,0
90,50,26,0,0
90,50,26,0,0
90,50,26,0,0
90,50,26,0,0
90,50,26,0,0
90,50,26,0,0
90,50,26,0,0
90,50,26,0,0
90,50,26,0,0
90,50,30,0,0
90,50,26,0,0
90,50,26,0,0
90,50,26,0,0
90,50,26,0,0
90,50,26,0,0
90,50,26,0,0
90,50,26,0,0
90,50,26,0,0
91,50,26,0,0
91,50,26,0,0
91,50,26,0,0
91,50,26,0,0
91,50,26,0,0
91,50,26,0,0
91,50,26,0,0
91,50,26,0,0
91,50,26,0,0
91,50,26,0,0
91,50,26,0,0
91,50,26,0,0
91,50,26,0,0
91,50,26,0,0
91,50,26,0,0
91,50,26,0,0
91,50,26,0,0
91,50,26,0,0
91,50,26,0,0
91,50,26,0,0
91,50,26,0,0
91,50,26,0,0
91,50,26,0,0
91,50,26,0,0
91,50,26,0,0
91,50,26,0,0
91,50,28,0,0
91,50,26,0,0
91,50,26,0,0
91,50,26,0,0
92,50,42,0,0
92,50,42,0,0
92,50,42,0,0
92,50,42,0,0
92,50,42,0,0
92,50,42,0,0
92,50,42,0,0
92,50,42,0,0
92,50,42,0,0
92,50,42,0,0
92,50,42,0,0
92,50,42,0,0
92,50,42,0,0
92,50,42,0,0
92,50,42,0,0
92,50,42,0,0
92,50,42,0,0
92,50,42,0,0
92,50,42,0,0
92,50,42,0,0
92,50,42,0,0
92,50,42,0,0
92,50,42,0,0
92,50,42,0,0
92,50,42,0,0
92,50,42,0,0
92,50,42,0,0
92,50,42,0,0
92,50,42,0,0
92,50,42,0,0
93,50,0,0,0
93,50,0,0,0
93,50,0,0,0
93,50,0,0,0
93,50,0,0,0
93,50,0,0,0
93,50,6,0,0
93,50,0,0,0
93,50,0,0,0
93,50,0,0,0
93,50,0,0,0
93,50,0,0,0
93,50,0,0,0
93,50,0,0,0
93,50,0,0,0
93,50,0,0,0
93,50,0,0,0
93,50,0,0,0
93,50,0,0,0
93,50,0,0,0
93,50,0,0,0
93,50,0,0,0
93,50,0,0,0
93,50,0,0,0
93,50,0,0,0
93,50,0,0,0
93,50,0,0,0
93,50,0,0,0
93,50,0,0,0
93,50,0,0,0
94,50,26,0,0
94,50,26,0,0
94,50,30,0,0
94,50,26,0,0
94,50,26,0,0
94,50,26,0,0
94,50,26,0,0
94,50,26,0,0
94,50,30,0,0
94,50,26,0,0
94,50,26,0,0
94,50,26,0,0
94,50,26,0,0
94,50,26,0,0
94,50,26,0,0
94,50,26,0,0
94,50,26,0,0
94,50,26,0,0
94,50,26,0,0
94,50,26,0,0
94,50,26,0,0
94,50,26,0,0
94,50,26,0,0
94,50,26,0,0
94,50,26,0,0
94,50,26,0,0
94,50,26,0,0
94,50,26,0,0
94,50,30,0,0
94,50,26,0,0
95,50,20,0,0
95,50,20,0,0
95,50,20,0,0
95,50,20,0,0
95,50,20,0,0
95,50,20,0,0
95,50,20,0,0
95,50,22,0,0
95,50,26,0,0
95,50,20,0,0
95,50,20,0,0
95,50,20,0,0
95,50,20,0,0
95,50,28,0,0
95,50,20,0,0
95,50,20,0,0
95,50,20,0,0
95,50,20,0,0
95,50,20,0,0
95,50,20,0,0
95,50,20,0,0
95,50,20,0,0
95,50,20,0,0
95,50,20,0,0
95,50,20,0,0
95,50,20,0,0
95,50,20,0,0
95,50,20,0,0
95,50,20,0,0
95,50,20,0,0
96,50,20,0,0
96,50,20,0,0
96,50,20,0,0
96,50,20,0,0
96,50,20,0,0
96,50,20,0,0
96,50,32,0,0
96,50,20,0,0
96,50,20,0,0
96,50,20,0,0
96,50,20,0,0
96,50,20,0,0
96,50,20,0,0
96,50,20,0,0
96,50,20,0,0
96,50,20,0,0
96,50,20,0,0
96,50,26,0,0
96,50,20,0,0
96,50,20,0,0
96,50,20,0,0
96,50,20,0,0
96,50,20,0,0
96,50,20,0,0
96,50,20,0,0
96,50,20,0,0
96,50,20,0,0
96,50,20,0,0
96,50,20,0,0
96,50,20,0,0
97,50,26,0,0
97,50,26,0,0
97,50,26,0,0
97,50,26,0,0
97,50,26,0,0
97,50,26,0,0
97,50,38,0,0
97,50,26,0,0
97,50,26,0,0
97,50,26,0,0
97,50,26,0,0
97,50,26,0,0
97,50,26,0,0
97,50,26,0,0
97,50,26,0,0
97,50,38,0,0
97,50,26,0,0
97,50,26,0,0
97,50,26,0,0
97,50,38,0,0
97,50,26,0,0
97,50,38,0,0
97,50,26,0,0
97,50,26,0,0
97,50,26,0,0
97,50,26,0,0
97,50,26,0,0
97,50,26,0,0
97,50,26,0,0
97,50,26,0,0
98,50,12,0,0
98,50,12,0,0
98,50,12,0,0
98,50,12,0,0
98,50,12,0,0
98,50,12,0,0
98,50,12,0,0
98,50,12,0,0
98,50,12,0,0
98,50,12,0,0
98,50,12,0,0
98,50,12,0,0
98,50,12,0,0
98,50,12,0,0
98,50,12,0,0
98,50,12,0,0
98,50,12,0,0
98,50,12,0,0
98,50,12,0,0
98,50,12,0,0
98,50,12,0,0
98,50,12,0,0
98,50,12,0,0
98,50,12,0,0
98,50,12,0,0
98,50,12,0,0
98,50,12,0,0
98,50,12,0,0
98,50,12,0,0
98,50,12,0,0
99,50,26,0,0
99,50,26,0,0
99,50,26,0,0
99,50,26,0,0
99,50,26,0,0
99,50,26,0,0
99,50,26,0,0
99,50,26,0,0
99,50,26,0,0
99,50,26,0,0
99,50,26,0,0
99,50,26,0,0
99,50,32,0,0
99,50,26,0,0
99,50,26,0,0
99,50,26,0,0
99,50,26,0,0
99,50,26,0,0
99,50,26,0,0
99,50,26,0,0
99,50,26,0,0
99,50,26,0,0
99,50,26,0,0
99,50,26,0,0
99,50,26,0,0
99,50,26,0,0
99,50,26,0,0
99,50,26,0,0
99,50,26,0,0
99,50,26,0,0
